Procs,mmap,read
1,3.0553946,0.6033722
2,1.5832294,0.6877482
4,0.8477314,1.0880032
8,0.4907584,0.7547954
