file,mmap
1G.txt,3.4973E7,3.5619E7,3.4813E7,3.5304E7,3.4671E7
10G.txt,2.82315E8,2.81678E8,2.79248E8,2.811E8,2.83833E8
50G.txt,1.365187E9,1.36861E9,1.375025E9,1.363946E9,1.380095E9
