Procs,mmap,read
1,2.0700152,2.0692407999999998
2,1.111378,1.1144262
4,0.5952974,0.6038154
8,0.3468044,0.338972
