file,mmap,read
1G.txt,8.186258,9.139933599999999
10G.txt,14.8047694,16.5178842
50G.txt,6.9485482,7.6991976
100G.txt,13.8166656,15.499150199999999
200G.txt,3.76e-05,4.4200000000000004e-05
