file,mmap,read
1G.txt,1.44e-05,0.8228758
10G.txt,1.08e-05,5.8906688
50G.txt,7.6e-06,27.1098728
100G.txt,8e-06,53.5266078
200G.txt,8.2e-06,3.64e-05
