Procs,mmap,read
1,225.4119276,225.4597792
2,114.0758574,114.3997706
4,59.0171208,58.94635
8,29.644832,29.635236
16,18.889582,19.6719654
32,10.6414742,10.7353866
64,5.9821922,6.0837112
96,5.5749196,5.6205002
