Procs,mmap,read
1,5.3826410000000005,6.0014306
2,2.8673538,3.1543398000000002
4,1.5559386,1.7305462
8,0.8141772,0.972545
