file,mmap
1G.txt,9001000.0,9011000.0,9034000.0,8878000.0,8932000.0
10G.txt,4.5709E7,4.5464E7,4.5605E7,4.5513E7,4.537E7
50G.txt,2.24942E8,2.26169E8,2.26108E8,2.24509E8,2.2516E8
