file,mmap
1G.txt,4653000.0,4624000.0,4629000.0,4652000.0,4605000.0
10G.txt,4.0092E7,4.0148E7,3.9792E7,4.006E7,3.9997E7
50G.txt,2.06224E8,2.05432E8,2.0665E8,2.06288E8,2.07153E8
