file,mmap,read
1G.txt,3.1340952,4.4571008
10G.txt,31.3540514,13.4448828
50G.txt,156.095535,34.6578198
100G.txt,314.150282,61.1004938
200G.txt,3.9e-05,3.84e-05
