Procs,mmap,read
1,5.540396,6.0291764
2,2.8655198,3.1657932
4,1.5547908000000001,1.7127028
8,0.8060518,0.9672282
