Procs,mmap,read
1,554.7651242000001,555.155063
2,280.41718099999997,279.7748478
4,140.1445496,140.1607498
8,70.3558178,70.4314158
16,36.9345322,36.934556
32,18.9282886,18.9587938
64,9.8659616,9.9598952
96,8.8208622,8.9033544
