Procs,mmap,read
1,2.8199544,2.8064388
2,1.5166846,1.5090598
4,0.8078392,0.8085336
8,0.4468706,0.4405558
