Procs,mmap,read
1,2.8336236,2.8418438
2,1.5157673999999999,1.5073982000000001
4,0.8149526,0.805195
8,0.4543294,0.4539142
