Procs,mmap,read
1,2.0908638,2.07279
2,1.133879,1.115467
4,0.6159584,0.6164756
8,0.353621,0.3537506
