Procs,mmap,read
1,4.4421424,1.0889356
2,2.763872,1.2401128
3,2.0047374,1.7086656
4,2.0118663999999997,1.7415728
5,2.0347326,1.7087964
6,1.3446154,1.6681607999999999
